[
  {
    "source": {
      "id": null,
      "name": "Www.hs.fi"
    },
    "author": null,
    "title": "HS-analyysi | Autoteollisuuden p\u00e4\u00e4st\u00f6\u00adrajoitukset hy\u00f6dytt\u00e4v\u00e4t suur\u00adsaastuttajia, ja my\u00f6s Tesla takoo niill\u00e4 miljardi\u00adtilin \u2013 Mik\u00e4 meni pieleen?",
    "description": "Suomessa on toivottu, ett\u00e4 kiristyv\u00e4 EU-s\u00e4\u00e4ntely auttaisi v\u00e4hent\u00e4m\u00e4\u00e4n liikenteen p\u00e4\u00e4st\u00f6j\u00e4. Osa v\u00e4hennyksist\u00e4 on kuitenkin vain laskennallisia, kirjoittaa HS:n taloustoimittaja Jarno Hartikainen.",
    "url": "https://www.hs.fi/talous/art-2000007856521.html",
    "urlToImage": "https://hs.mediadelivery.fi/img/some/default/7d9fb7eb94c2497886da72e83177e033.jpg",
    "publishedAt": "2021-03-13T00:00:00Z",
    "content": "Suomessa on toivottu, ett\u00e4 kiristyv\u00e4 EU-s\u00e4\u00e4ntely auttaisi v\u00e4hent\u00e4m\u00e4\u00e4n liikenteen p\u00e4\u00e4st\u00f6j\u00e4. Osa v\u00e4hennyksist\u00e4 on kuitenkin vain laskennallisia, kirjoittaa HS:n taloustoimittaja Jarno Hartikainen.Hyvi\u00e4\u2026 [+424 chars]"
  },
  {
    "source": {
      "id": null,
      "name": "Www.hs.fi"
    },
    "author": null,
    "title": "Koeajo | Kallein Tesla sai viimein haastajan. Porschen ensimm\u00e4inen t\u00e4yss\u00e4hk\u00f6auto on kallis ja hurja laite, joka ujeltaa kuin metro.",
    "description": "Porsche Taycan 4S kiihtyy kuin tykinkuula. Tavallisessa k\u00e4yt\u00f6ss\u00e4 t\u00e4llaisille tehoille on vaikea keksi\u00e4 k\u00e4ytt\u00f6\u00e4, ja auton hinta saa tavallisen palkansaaajn nauramaan ep\u00e4uskoisena.",
    "url": "https://www.hs.fi/visio/art-2000007853589.html",
    "urlToImage": "https://hs.mediadelivery.fi/img/some/default/70e55e5c217c4a18a7c5f7f138e2a73d.jpg",
    "publishedAt": "2021-03-13T00:00:00Z",
    "content": "Porsche Taycanin mallinimess\u00e4 on tarkenne 4S. Se tarkoittaa, ett\u00e4 t\u00e4m\u00e4 Porschen kaksimoottorinen ja nelivetoinen t\u00e4yss\u00e4hk\u00f6auto kiihtyy nollasta sataan nelj\u00e4ss\u00e4 sekunnissa.\r\nN\u00e4iden nelj\u00e4n sekunnin aik\u2026 [+123 chars]"
  },
  {
    "source": {
      "id": null,
      "name": "Trouw.nl"
    },
    "author": "John Graat",
    "title": "Alle ballen op Qatar, heeft een boycot van het WK voetbal zin?",
    "description": "Deze maand begint Oranje aan de kwalificatiewedstrijden voor het WK voetbal in Qatar, eind volgend jaar. Maar het feestje lijkt al bij voorbaat besmet door de recente roep om een boycot. En ja, er zijn veel argumenten om weg te blijven. Of zou sport een land \u2026",
    "url": "https://www.trouw.nl/nieuws/alle-ballen-op-qatar-heeft-een-boycot-van-het-wk-voetbal-zin~bfff7bf3/",
    "urlToImage": "https://images0.persgroep.net/rcs/Qy2lKvnCDSOvXJx2TYKu1_q4BWk/diocontent/200300832/_fitwidth/763?appId=93a17a8fd81db0de025c8abd1cca1279&quality=0.8",
    "publishedAt": "2021-03-13T00:00:00Z",
    "content": "Het\u00a0zijn zonder meer architectonische hoogstandjes, de stadions in Qatar waar straks het WK voetbal wordt gehouden. Op het schiereiland, niet groter dan de provincies Noord-Brabant en Gelderland same\u2026 [+13148 chars]"
  },
  {
    "source": {
      "id": null,
      "name": "Programmableweb.com"
    },
    "author": "522144",
    "title": "cryptotsla",
    "description": "cryptotsla calculates the current Bitcoin spot price of a specific Tesla vehicle configuration, optionally taking a currency and regionally available Tesla vehicle configurations into account.\n\nDate Updated: 2021-03-13\nTags: Cryptocurrency, Auto, , Bitcoin, ,\u2026",
    "url": "https://www.programmableweb.com/api/cryptotsla",
    "urlToImage": "https://www.programmableweb.com/sites/default/files/styles/facebook_scale_width_200/public/cryptotsla.jpg?itok=1K8d5363",
    "publishedAt": "2021-03-13T00:00:00Z",
    "content": "Coronavirus Developer Resource Center\r\nCOVID-19 APIs, SDKs, coverage, open source code and other related dev resources \u00bb"
  },
  {
    "source": {
      "id": null,
      "name": "t-online.de"
    },
    "author": "dpa",
    "title": "Investor verklagt Elon Musk wegen seiner Tweets - t-online.de",
    "description": "<ol><li>Investor verklagt Elon Musk wegen seiner Tweets\u00a0\u00a0t-online.de\r\n</li><li>Hohe Kursverluste bef\u00fcrchtet:Tesla-Investor verklagt Musk wegen Tweets\u00a0\u00a0n-tv NACHRICHTEN\r\n</li><li>Musk schadet Tesla \u2013 Aktion\u00e4r klagt\u00a0\u00a0DER AKTION\u00c4R\r\n</li><li>Wegen Twitter-Nachric\u2026",
    "url": "https://www.t-online.de/finanzen/unternehmen-verbraucher/id_89645554/investor-verklagt-elon-musk-wegen-seiner-tweets.html",
    "urlToImage": "https://bilder.t-online.de/b/89/64/55/56/id_89645556/tid_da/elon-musk-bei-einem-besuch-der-cdu-csu-fraktion-archivbild-der-tesla-chef-ist-bekannt-fuer-seine-aussergewoehnlichen-twitter-nachrichten-.jpg",
    "publishedAt": "2021-03-12T23:55:00Z",
    "content": "Auf Twitter hat der US-Gesch\u00e4ftsmann Elon Musk schon f\u00fcr manche \u00dcberraschung gesorgt. Ein Tesla-Investor geht jetzt vor Gericht die Nachrichten k\u00f6nnten der Firma schaden.\r\nTesla-Chef Elon Musk hat si\u2026 [+2960 chars]"
  },
  {
    "source": {
      "id": null,
      "name": "Barron's"
    },
    "author": "Ben Levisohn",
    "title": "Barron's Cover - Main: As Covid Wanes, the U.S. Economy Could Soar. What That Means for Investors",
    "description": "It has Been a Year Since Covid Gripped America. Why the Road Ahead Looks Bright \nAs the Covid-19 pandemic starts to wane, the U.S. economy could soar. What that means for investors",
    "url": "https://www.barrons.com/articles/as-the-covid-19-pandemic-fades-the-u-s-economy-could-soar-51615592979",
    "urlToImage": "https://images.barrons.com/im-311011/social",
    "publishedAt": "2021-03-12T23:49:00Z",
    "content": "Everything we heard about Covid-19 was true. The novel coronavirus has killed millions of people around the world, left others seriously impaired, and turned even the simplest acts, like hugging our \u2026 [+11919 chars]"
  },
  {
    "source": {
      "id": null,
      "name": "DIE WELT"
    },
    "author": "WELT",
    "title": "Tesla-Chef Elon Musk von Investor verklagt",
    "description": "Elon Musk machte schon \u00f6fter mit seinen doch teilweise sehr au\u00dfergew\u00f6hnlichen Tweets auf sich aufmerksam. Teilweise sorgten seine Posts f\u00fcr das Fallen der Tesla-Aktien. Nun klagt ein Investor gegen den Tesla-Chef.",
    "url": "https://www.welt.de/wirtschaft/article228191975/Erratische-Tweets-Tesla-Chef-Elon-Musk-von-Investor-verklagt.html",
    "urlToImage": "https://img.welt.de/img/bildergalerien/mobile228191973/6051356577-ci16x9-w1200/FILE-PHOTO-SpaceX-founder-Musk-reacts-at-a-post-launch-news-conf.jpg",
    "publishedAt": "2021-03-12T23:47:55Z",
    "content": "Tesla-Chef Elon Musk hat sich mit seinen Tweets erneut rechtlichen \u00c4rger eingehandelt. Ein Investor des US-Elektroautobauers hat den Multimilliard\u00e4r wegen erratischer Twitter-Nachrichten verklagt, di\u2026 [+2738 chars]"
  },
  {
    "source": {
      "id": "rt",
      "name": "RT"
    },
    "author": "RT en Espa\u00f1ol",
    "title": "Un inversor de Tesla demanda a Elon Musk por sus \"desordenados\" tuits y asegura que causan \"un da\u00f1o sustancial\" a la empresa",
    "description": "El reclamo judicial engloba a la junta directiva de la compa\u00f1\u00eda automotriz, por no haber controlado el comportamiento del multimillonario en las redes sociales.",
    "url": "https://actualidad.rt.com/actualidad/386267-inversor-tesla-demanda-elon-musk",
    "urlToImage": "https://cdni.rt.com/actualidad/public_images/2021.03/article/604be36159bf5b4e4857b405.JPG",
    "publishedAt": "2021-03-12T23:38:15Z",
    "content": "Elon Musk,\u00a0director ejecutivo de Tesla,\u00a0fue demandado por un accionista de la empresa que lo acusa de\u00a0haber expuesto a los\u00a0inversores\u00a0a\u00a0p\u00e9rdidas de miles de millones de d\u00f3lares al publicar de continu\u2026 [+1788 chars]"
  },
  {
    "source": {
      "id": null,
      "name": "udn \u806f\u5408\u65b0\u805e\u7db2"
    },
    "author": "T\u5ba2\u90a6",
    "title": "\u8981\u6b3a\u9a19AI\u5224\u8b80\u5f71\u50cf\u5f88\u7c21\u55ae \u53ea\u8981\u300c\u5beb\u5f35\u7d19\u689d\u300d\u544a\u8a34\u4f60\u662f\u8ab0\u5c31\u884c - UDN \u806f\u5408\u65b0\u805e\u7db2",
    "description": "<ol><li>\u8981\u6b3a\u9a19AI\u5224\u8b80\u5f71\u50cf\u5f88\u7c21\u55ae \u53ea\u8981\u300c\u5beb\u5f35\u7d19\u689d\u300d\u544a\u8a34\u4f60\u662f\u8ab0\u5c31\u884c\u00a0\u00a0UDN \u806f\u5408\u65b0\u805e\u7db2\r\n</li><li>\u6a39\u4e0a\u7684\u860b\u679c\u4e5f\u53ef\u4ee5\u6210\u70baiPod\uff1f\u4e00\u5f35\u5716\u544a\u8a34\u4f60AI \u5176\u5be6\u5f88\u597d\u9a19\uff01\u00a0\u00a0TechNews \u79d1\u6280\u65b0\u5831 \r\n</li><li>\u524d\u5f80 Google \u65b0\u805e\u67e5\u770b\u5b8c\u6574\u5831\u5c0e</li></ol>",
    "url": "https://udn.com/news/story/7086/5313565",
    "urlToImage": "https://pgw.udn.com.tw/gw/photo.php?u=https://uc.udn.com.tw/photo/2021/03/12/1/11865486.webp&s=Y&x=27&y=21&sw=842&sh=561&exp=3600",
    "publishedAt": "2021-03-12T23:30:18Z",
    "content": "AI Bug \r\nOpenAI AI AI \r\nAI iPodAI iPodtypographic attacks\r\nOpenAI\r\nOpenAI AI AI \r\nBug\r\nTesla AI AI AI \r\nAI OpenAI\r\nOpenAI CLIP CLIP AI \r\nCLIP 4 CLIP AI \r\nOpenAI\r\niPod CLIP AIOpenAI fallacy of abstrac\u2026 [+32 chars]"
  },
  {
    "source": {
      "id": null,
      "name": "Gazeta.ru"
    },
    "author": "\u0413\u0430\u0437\u0435\u0442\u0430.Ru",
    "title": "\u0418\u043d\u0432\u0435\u0441\u0442\u043e\u0440 Tesla \u043f\u043e\u0434\u0430\u043b \u0432 \u0441\u0443\u0434 \u043d\u0430 \u041c\u0430\u0441\u043a\u0430 \u0438\u0437-\u0437\u0430 \u0435\u0433\u043e \u0442\u0432\u0438\u0442\u043e\u0432",
    "description": "\u0418\u043d\u0432\u0435\u0441\u0442\u043e\u0440 \u043a\u043e\u043c\u043f\u0430\u043d\u0438\u0438 \u043f\u043e \u043f\u0440\u043e\u0438\u0437\u0432\u043e\u0434\u0441\u0442\u0432\u0443 \u044d\u043b\u0435\u043a\u0442\u0440\u043e\u043c\u043e\u0431\u0438\u043b\u0435\u0439 Tesla 8 \u043c\u0430\u0440\u0442\u0430 \u043d\u0430\u043f\u0440\u0430\u0432\u0438\u043b \u0432 \u0441\u0443\u0434 \u0448\u0442\u0430\u0442\u0430 \u0414\u0435\u043b\u0430\u0432\u044d\u0440 \u0438\u0441\u043a, \u043a\u043e\u0442\u043e\u0440\u044b\u0439 \u043d\u0430\u043f\u0440\u0430\u0432\u043b\u0435\u043d \u043f\u0440\u043e\u0442\u0438\u0432 \u043f\u0443\u0431\u043b\u0438\u043a\u0430\u0446\u0438\u0439 \u043e\u0441\u043d\u043e\u0432\u0430\u0442\u0435\u043b\u044f \u043e\u0440\u0433\u0430\u043d\u0438\u0437\u0430\u0446\u0438\u0438 \u0418\u043b\u043e\u043d\u0430 \u041c\u0430\u0441\u043a\u0430 \u0432 Twitter. \u041e\u0431 \u044d\u0442\u043e\u043c \u0441\u043e\u043e\u0431\u0449\u0430\u0435\u0442 Bloomberg , \u0441\u0441\u044b\u043b\u0430\u044f\u0441\u044c \u043d\u0430 \u043f\u043e\u0434\u0430\u043d\u043d\u044b\u0439 \u0441\u0443\u0434\u0435\u0431\u043d\u044b\u0439 \u0438\u0441\u043a.",
    "url": "https://www.gazeta.ru/business/news/2021/03/13/n_15730994.shtml",
    "urlToImage": "https://img.gazeta.ru/files3/56/13464056/AP_20336679944480-pic905-895x505-71779.jpg",
    "publishedAt": "2021-03-12T23:25:00Z",
    "content": "Tesla 8 , Twitter. Bloomberg, .\r\n , \u00ab \u00bb \u00ab Tesla \u00bb \u00ab \u00bb , \u00ab - \u00bb.\r\n , , 2018 . Twitter, Tesla .\r\n, - Tesla."
  },
  {
    "source": {
      "id": null,
      "name": "FXStreet"
    },
    "author": "Sheldon McIntyre",
    "title": "Bitcoin Price Analysis: BTC bullish setup projects quick 17% gain",
    "description": "Bitcoin price has been supported by corporations\u2019 broadening interest to use it as an investment alternative such as Tesla, Microstrategy, and Square.",
    "url": "https://www.fxstreet.com/cryptocurrencies/news/bitcoin-price-analysis-btc-bullish-setup-projects-quick-17-gain-202103122315",
    "urlToImage": "https://editorial.fxstreet.com/images/Markets/Currencies/Digital Currencies/Bitcoin/bitcoin_5_Large.jpg",
    "publishedAt": "2021-03-12T23:15:42Z",
    "content": "<ul><li>Bitcoin price is carving out a cup or cup-with-handle formation.</li><li>Volume profile looks compelling as BTC rose from the March 5 low.</li><li>Investors are replicating the bullish BTC co\u2026 [+1702 chars]"
  },
  {
    "source": {
      "id": null,
      "name": "Motorpasi\u00f3n M\u00e9xico"
    },
    "author": "Ra\u00fal Silva",
    "title": "Canoo Electric Pickup, el futurista veh\u00edculo el\u00e9ctrico modular que tiene en la mira al Tesla Cybertruck",
    "description": "Ante la inminente electrification de la industria automotriz a que crece a pasos agigantados, donde cada vez son m\u00e1s las marcas que incursionan en el segmento y no solo marcas experimentadas como Ford o Chevrolet, Tesla, Rivian y otras startups como Canoo est\u2026",
    "url": "https://www.motorpasion.com.mx/industria/nueva-canoo-electric-pickup-rival-para-tesla-cybertruck-rivian-r1t",
    "urlToImage": "https://i.blogs.es/22000a/canoo-electric-pickup-rival-para-tesla-4/840_560.jpg",
    "publishedAt": "2021-03-12T23:15:20Z",
    "content": "Ante la inminente electrification de la industria automotriz a que crece a pasos agigantados, donde cada vez son m\u00e1s las marcas que incursionan en el segmento y no solo marcas experimentadas como For\u2026 [+1333 chars]"
  },
  {
    "source": {
      "id": null,
      "name": "Yahoo Entertainment"
    },
    "author": "Reuters",
    "title": "Vaccines for all over-40s in UK by Easter -Telegraph - Yahoo Finance",
    "description": "<ol><li>Vaccines for all over-40s in UK by Easter -Telegraph\u00a0\u00a0Yahoo Finance\r\n</li><li>Coronavirus Daily Update: COVID-19 cases explained in charts\u00a0\u00a0Moneycontrol\r\n</li><li>\"Count Me In\": Quelling COVID Vaccine Skepticism\u00a0\u00a0PAHomepage.com\r\n</li><li>Maharashtra C\u2026",
    "url": "https://finance.yahoo.com/news/vaccines-over-40s-uk-easter-231436718.html",
    "urlToImage": "https://s.yimg.com/cv/apiv2/social/images/yahoo_default_logo-1200x1200.png",
    "publishedAt": "2021-03-12T23:14:36Z",
    "content": "(Bloomberg) -- Its the latest corporate strategy for companies from Tesla Inc. to Square Inc.: shift a portion of cash reserves into cryptocurrencies as digital assets become more mainstream.Still, f\u2026 [+5255 chars]"
  },
  {
    "source": {
      "id": null,
      "name": "Kai-waehner.de"
    },
    "author": "Kai W\u00e4hner",
    "title": "Omnichannel Retail and Customer 360 With Apache Kafka",
    "description": "Event Streaming with Apache Kafka disrupts the retail industry. Walmart's real-time inventory system and Target's omnichannel distribution and logistics are two great examples. This blog post explores a key use case for postmodern retail companies: Real-time \u2026",
    "url": "https://www.kai-waehner.de/blog/2021/02/08/omnichannel-retail-customer-360-apache-kafka-edge-cloud-manufacturing-aftersales/",
    "urlToImage": "https://dz2cdn3.dzone.com/storage/article-thumb/14518974-thumb.jpg",
    "publishedAt": "2021-03-12T23:14:34Z",
    "content": "Event Streaming with Apache Kafka disrupts the retail industry. Walmart's real-time inventory system and Target's omnichannel distribution and logistics are two great examples. This blog post explore\u2026 [+7336 chars]"
  },
  {
    "source": {
      "id": "techcrunch",
      "name": "TechCrunch"
    },
    "author": "Anthony Ha",
    "title": "Daily Crunch: Marco Rubio sides with Amazon workers",
    "description": "A prominent Republican senator weighs in on Amazon\u2019s labor disputes, Microsoft reports a security vulnerability in Exchange and we examine ByteDance\u2019s gaming strategy. This is your Daily Crunch for March 12, 2021. The big story: Marco Rubio sides with Amazon \u2026",
    "url": "http://techcrunch.com/2021/03/12/daily-crunch-marco-rubio-sides-with-amazon-workers/",
    "urlToImage": "https://techcrunch.com/wp-content/uploads/2015/11/c0d378a02a774d26b631c931f6e74fc1.jpeg?w=600",
    "publishedAt": "2021-03-12T23:10:25Z",
    "content": "A prominent Republican senator weighs in on Amazon\u2019s labor disputes, Microsoft reports a security vulnerability in Exchange and we examine ByteDance\u2019s gaming strategy. This is your Daily Crunch for M\u2026 [+2934 chars]"
  },
  {
    "source": {
      "id": null,
      "name": "Stuff.co.nz"
    },
    "author": "DAMIEN O'CARROLL",
    "title": "Quick Charge 13/03: this week in EV news",
    "description": "Peugeot and Polestar EVs head to NZ, you can now subscribe to a Leaf and Elon's not dead!",
    "url": "https://www.stuff.co.nz/motoring/evs/124496803/quick-charge-1303-this-week-in-ev-news",
    "urlToImage": "https://resources.stuff.co.nz/content/dam/images/4/y/r/d/i/e/image.related.StuffLandscapeSixteenByNine.1420x800.224ecj.png/1615590475787.jpg",
    "publishedAt": "2021-03-12T23:07:53Z",
    "content": "Its Kias turn now!\r\n Following shortly after Hyundai revealed its upcoming Ioniq 5 EV, Kia has teased its strangely similarly-sized electric SUV called the EV6. Strangely similar because it is based \u2026 [+7274 chars]"
  },
  {
    "source": {
      "id": null,
      "name": "Nvidia.com"
    },
    "author": "Even Oldridge",
    "title": "Using RAPIDS with PyTorch",
    "description": "In this post we take a look at how to use cuDF, the RAPIDS dataframe library, to do some of the preprocessing steps required to get the mortgage data in a format that PyTorch can process so that we can explore the performance of deep learning on tabular data \u2026",
    "url": "https://developer.nvidia.com/blog/using-rapids-with-pytorch/",
    "urlToImage": "https://developer-blogs.nvidia.com/wp-content/uploads/2021/01/RAPIDSPyTorch_Image1-1.jpg",
    "publishedAt": "2021-03-12T23:07:39Z",
    "content": "In this post we take a look at how to use cuDF, the RAPIDS dataframe library, to do some of the preprocessing steps required to get the mortgage data in a format that PyTorch can process so that we c\u2026 [+11045 chars]"
  },
  {
    "source": {
      "id": null,
      "name": "The Daily Caller"
    },
    "author": "Andrew Jose",
    "title": "Elon Musk, Tesla Board Sued Over Musk\u2019s \u2018Erratic\u2019 Tweets",
    "description": "Elon Musk and Tesla&#039;s board face a lawsuit from an investor who claims that Musk&#039;s tweeting behavior incurred billions of dollars in losses for Tesla.",
    "url": "https://dailycaller.com/2021/03/12/elon-musk-tweeting-twitter-erratic-delaware-chase-gharrity/",
    "urlToImage": "https://cdn01.dailycaller.com/wp-content/uploads/2021/03/GettyImages-1229892859-scaled-e1615582131294.jpg",
    "publishedAt": "2021-03-12T23:04:57Z",
    "content": "Elon Musk and Tesla\u2019s board face a lawsuit from an investor who claims that Musk\u2019s tweeting behavior incurred billions of dollars in losses for Tesla and violates a 2018 settlement Musk had with the \u2026 [+2943 chars]"
  },
  {
    "source": {
      "id": null,
      "name": "CarScoops"
    },
    "author": "Brad Anderson",
    "title": "LG To Build Two New Plants, Invest Over $4.5 Billion In U.S. Battery Production",
    "description": "Moreover, LG Chem is currently building a plant with GM and may add another one.",
    "url": "https://www.carscoops.com/2021/03/lg-to-build-two-new-plants-invest-over-4-5-billion-in-u-s-battery-production/",
    "urlToImage": "https://www.carscoops.com/wp-content/uploads/2020/09/GM-wBMS.jpg",
    "publishedAt": "2021-03-12T23:03:58Z",
    "content": "LG Energy Solution will invest more than $4.5 billion in its U.S. battery production business through 2025.\r\nThe investment will see the company boost its local battery production capacity by 70 giga\u2026 [+1513 chars]"
  },
  {
    "source": {
      "id": null,
      "name": "New Zealand Herald"
    },
    "author": "newsfeeds@nzherald.co.nz",
    "title": "Ben Kepes: Reflecting on Vend's full cycle after $455m sale",
    "description": "OPINION: \n\nMy eldest son is this week turning 21. While I could go into a philosophical conversation about how birthdays are just another day, and 21 should really be no different from 20 or 22, the fact ...",
    "url": "https://www.nzherald.co.nz/business/ben-kepes-reflecting-on-vends-full-cycle-after-455-million-sale/DCMBYH7P4L2YVSNVVJONH2DSZU/",
    "urlToImage": "https://www.nzherald.co.nz/resizer/ZMK0H0DDKyEg3HzE4NFXBoDTNCg=/1200x675/filters:quality(70)/cloudfront-ap-southeast-2.images.arcpublishing.com/nzme/IZFGAMZSLEJJE66FIJ2NRPISNU.jpg",
    "publishedAt": "2021-03-12T23:00:00Z",
    "content": "Vend founder Vaughan Fergusson began his company with a single customer - a clothing store in Remuera. Photo / Jason OxenhamOPINION:\r\nMy eldest son is this week turning 21. While I could go into a ph\u2026 [+4583 chars]"
  }
]